Date,Servername,WAITTYPE,WAIT_S,RESOURCE_S,SIGNAL_S,WAIT_Count,Percentage,AvgWait_s,AvgRes_S,AvgSig_S
2025-11-18,HC1DBSQ33DV,PREEMPTIVE_OS_WRITEFILE,83.08000,83.08000,.00000,33984.00000,1.48,2.3999999999999998E-3,.00240,.00000
2025-11-18,HC1DBSQ33DV,PARALLEL_REDO_WORKER_WAIT_WORK,71.80000,56.28000,15.52000,5106.00000,1.28,0.0141,.01100,.00300
2025-11-18,HC1DBSQ33DV,PREEMPTIVE_XE_GETTARGETSTATE,69.11000,69.11000,.00000,9605.00000,1.23,7.1999999999999998E-3,.00720,.00000
2025-11-18,HC1DBSQ33DV,BACKUPTHREAD,60.79000,60.76000,.04000,1979.00000,1.0800000000000001,3.0700000000000002E-2,.03070,.00000
2025-11-18,HC1DBSQ33DV,LATCH_EX,53.28000,46.03000,7.25000,96048.00000,0.94999999999999996,5.9999999999999995E-4,.00050,.00010
2025-11-18,HC1DBSQ33PV,CXPACKET,287674.32000,260227.70000,27446.61000,1128690786.00000,42.460000000000001,2.9999999999999997E-4,.00020,.00000
2025-11-18,HC1DBSQ33PV,CXCONSUMER,249519.67000,245715.19000,3804.48000,75578305.00000,36.829999999999998,0.0033,.00330,.00010
2025-11-18,HC1DBSQ33PV,BACKUPIO,36951.50000,36605.23000,346.27000,26919234.00000,5.4500000000000002,0.0014,.00140,.00000
2025-11-18,HC1DBSQ33PV,BACKUPBUFFER,21631.44000,21564.43000,67.01000,1829910.00000,3.1899999999999999,0.0118,.01180,.00000
2025-11-18,HC1DBSQ33PV,ASYNC_IO_COMPLETION,19055.04000,19055.03000,.01000,346.00000,2.8100000000000001,55.072400000000002,55.07230,.00000
2025-11-18,HC1DBSQ33PV,BACKUPTHREAD,14840.32000,14839.75000,.57000,17035.00000,2.1899999999999999,0.87119999999999997,.87110,.00000
2025-11-18,HC1DBSQ33PV,IO_COMPLETION,13764.27000,13614.04000,150.23000,30559564.00000,2.0299999999999998,5.0000000000000001E-4,.00040,.00000
2025-11-18,HC1DBSQ33PV,LATCH_EX,11309.26000,10127.86000,1181.40000,7269522.00000,1.6699999999999999,1.6000000000000001E-3,.00140,.00020
2025-11-18,HC1DBSQ33QV,CXPACKET,23337.37000,20149.56000,3187.81000,107715251.00000,61.039999999999999,2.0000000000000001E-4,.00020,.00000
2025-11-18,HC1DBSQ33QV,CXCONSUMER,9533.53000,8657.20000,876.33000,20471735.00000,24.93,5.0000000000000001E-4,.00040,.00000
2025-11-18,HC1DBSQ33QV,WRITELOG,1701.80000,1668.47000,33.33000,1171763.00000,4.4500000000000002,0.0015,.00140,.00000
2025-11-18,HC1DBSQ33QV,LATCH_EX,1418.25000,1250.38000,167.87000,1309239.00000,3.71,1.1000000000000001E-3,.00100,.00010
2025-11-18,HC1DBSQ33QV,ASYNC_NETWORK_IO,1095.30000,1091.19000,4.11000,253817.00000,2.8599999999999999,0.0043,.00430,.00000
2025-11-18,HC1DBSQ33UV,CXPACKET,12455.96000,11210.57000,1245.40000,48532312.00000,60.340000000000003,2.9999999999999997E-4,.00020,.00000
2025-11-18,HC1DBSQ33UV,CXCONSUMER,5094.44000,4909.21000,185.23000,5078263.00000,24.68,0.001,.00100,.00000
2025-11-18,HC1DBSQ33UV,ASYNC_NETWORK_IO,907.23000,906.03000,1.20000,58700.00000,4.3899999999999997,0.0155,.01540,.00000
2025-11-18,HC1DBSQ33UV,MSQL_DQ,337.37000,337.37000,.00000,12.00000,1.6299999999999999,28.1143,28.11430,.00000
2025-11-18,HC1DBSQ33UV,PREEMPTIVE_COM_QUERYINTERFACE,337.37000,337.37000,.00000,12.00000,1.6299999999999999,28.1143,28.11430,.00000
2025-11-18,HC1DBSQ33UV,OLEDB,337.36000,337.36000,.00000,12.00000,1.6299999999999999,28.113700000000001,28.11370,.00000
2025-11-18,HC1DBSQ33UV,LATCH_EX,283.23000,254.54000,28.70000,209741.00000,1.3700000000000001,0.0014,.00120,.00010
2025-11-18,HC1DBSQ35DV,SOS_WORK_DISPATCHER,13578932.18000,13578801.52000,130.66000,1058104.00000,98.609999999999999,12.833299999999999,12.83310,.00010
2025-11-18,HC1DBSQ35PV,ASYNC_NETWORK_IO,2443.33000,2443.26000,.06000,2855.00000,38.270000000000003,0.85580000000000001,.85580,.00000
2025-11-18,HC1DBSQ35PV,MSQL_DQ,1217.33000,1217.33000,.00000,21.00000,19.07,57.968000000000004,57.96800,.00000
2025-11-18,HC1DBSQ35PV,PREEMPTIVE_COM_QUERYINTERFACE,1217.33000,1217.33000,.00000,94.00000,19.07,12.9503,12.95030,.00000
2025-11-18,HC1DBSQ35PV,OLEDB,1216.91000,1216.91000,.00000,38.00000,19.059999999999999,32.024000000000001,32.02400,.00000
2025-11-18,HC1DBSQ35QV,SOS_WORK_DISPATCHER,13196915.95000,13196560.62000,355.33000,1056002.00000,98.579999999999998,12.4971,12.49670,.00030
2025-11-18,HC1DBSQ35UV,MSQL_DQ,6547.37000,6547.37000,.00000,32.00000,31.640000000000001,204.6054,204.60540,.00000
2025-11-18,HC1DBSQ35UV,PREEMPTIVE_COM_QUERYINTERFACE,6547.37000,6547.37000,.00000,144.00000,31.640000000000001,45.467799999999997,45.46780,.00000
2025-11-18,HC1DBSQ35UV,OLEDB,6546.86000,6546.86000,.00000,59.00000,31.640000000000001,110.9637,110.96370,.00000
2025-11-18,HC1DBSQ35UV,ASYNC_NETWORK_IO,760.44000,760.34000,.10000,4583.00000,3.6800000000000002,0.16589999999999999,.16590,.00000
2025-11-18,HC1DBSQ36DV,SOS_WORK_DISPATCHER,17402533.06000,17402372.80000,160.26000,2367122.00000,98.489999999999995,7.3517999999999999,7.35170,.00010
2025-11-18,HC1DBSQ36PV,CXPACKET,460530.60000,422907.17000,37623.43000,783625956.00000,32.700000000000003,5.9999999999999995E-4,.00050,.00000
2025-11-18,HC1DBSQ36PV,CXCONSUMER,322354.58000,297198.43000,25156.16000,101562154.00000,22.890000000000001,3.2000000000000002E-3,.00290,.00020
2025-11-18,HC1DBSQ36PV,QDS_ASYNC_QUEUE,173840.24000,173839.43000,.81000,6336.00000,12.34,27.436900000000001,27.43680,.00010
2025-11-18,HC1DBSQ36PV,BACKUPIO,57927.48000,57816.52000,110.97000,6219719.00000,4.1100000000000003,9.2999999999999992E-3,.00930,.00000
2025-11-18,HC1DBSQ36PV,BACKUPBUFFER,45771.26000,45410.60000,360.66000,10098363.00000,3.25,4.4999999999999997E-3,.00450,.00000
2025-11-18,HC1DBSQ36PV,ASYNC_NETWORK_IO,42170.72000,41298.12000,872.60000,34941194.00000,2.9900000000000002,1.1999999999999999E-3,.00120,.00000
2025-11-18,HC1DBSQ36PV,ASYNC_IO_COMPLETION,37413.96000,37413.95000,.01000,164.00000,2.6600000000000001,228.13390000000001,228.13390,.00010
2025-11-18,HC1DBSQ36PV,IO_COMPLETION,35580.97000,35340.87000,240.10000,31278228.00000,2.5299999999999998,1.1000000000000001E-3,.00110,.00000
2025-11-18,HC1DBSQ36PV,LATCH_EX,32940.18000,28762.01000,4178.17000,38170668.00000,2.3399999999999999,8.9999999999999998E-4,.00080,.00010
2025-11-18,HC1DBSQ36PV,BPSORT,19832.73000,19601.84000,230.89000,2464617.00000,1.4099999999999999,8.0000000000000002E-3,.00800,.00010
2025-11-18,HC1DBSQ36PV,WRITELOG,18908.29000,18263.25000,645.04000,11936512.00000,1.3400000000000001,1.6000000000000001E-3,.00150,.00010
2025-11-18,HC1DBSQ36PV,SOS_SCHEDULER_YIELD,17233.99000,106.33000,17127.67000,94851611.00000,1.22,2.0000000000000001E-4,.00000,.00020
2025-11-18,HC1DBSQ36PV,PAGEIOLATCH_SH,41005.56000,40437.15000,568.41000,4942198.00000,2.9100000000000001,8.3000000000000001E-3,.00820,.00010
2025-11-18,HC1DBSQ36PV,OLEDB,37419.37000,37419.37000,.00000,1100547.00000,2.6600000000000001,3.4000000000000002E-2,.03400,.00000
2025-11-18,HC1DBSQ36QV,SOS_WORK_DISPATCHER,8974973.76000,8974349.26000,624.50000,6607972.00000,96.439999999999998,1.3582000000000001,1.35810,.00010
2025-11-18,HC1DBSQ38DV,BACKUPBUFFER,2405.90000,2383.16000,22.74000,1136969.00000,27.969999999999999,2.0999999999999999E-3,.00210,.00000
2025-11-18,HC1DBSQ38DV,ASYNC_IO_COMPLETION,2316.77000,2316.76000,.00000,146.00000,26.93,15.8683,15.86820,.00000
2025-11-18,HC1DBSQ38DV,BACKUPIO,2028.79000,2025.84000,2.95000,671328.00000,23.579999999999998,3.0000000000000001E-3,.00300,.00000
2025-11-18,HC1DBSQ38DV,ASYNC_NETWORK_IO,1075.81000,1075.52000,.29000,17592.00000,12.51,6.1199999999999997E-2,.06110,.00000
2025-11-18,HC1DBSQ38DV,WRITELOG,149.93000,146.73000,3.20000,130322.00000,1.74,1.1999999999999999E-3,.00110,.00000
2025-11-18,HC1DBSQ38DV,PARALLEL_REDO_WORKER_WAIT_WORK,101.15000,75.60000,25.55000,5490.00000,1.1799999999999999,0.0184,.01380,.00470
2025-11-18,HC1DBSQ38DV,PAGEIOLATCH_SH,96.49000,94.71000,1.78000,120591.00000,1.1200000000000001,8.0000000000000004E-4,.00080,.00000
2025-11-18,HC1DBSQ39PV,ASYNC_NETWORK_IO,24194.88000,24183.69000,11.19000,83704.00000,31.960000000000001,0.28910000000000002,.28890,.00010
2025-11-18,HC1DBSQ39PV,CXPACKET,14387.48000,13122.03000,1265.44000,13019462.00000,19,1.1000000000000001E-3,.00100,.00010
2025-11-18,HC1DBSQ39PV,PAGEIOLATCH_SH,8776.31000,8567.30000,209.01000,3578748.00000,11.59,2.5000000000000001E-3,.00240,.00010
2025-11-18,HC1DBSQ39PV,LATCH_EX,5936.50000,5767.36000,169.14000,1517829.00000,7.8399999999999999,3.8999999999999998E-3,.00380,.00010
2025-11-18,HC1DBSQ39PV,OLEDB,5259.89000,5259.89000,.00000,976.00000,6.9500000000000002,5.3891999999999998,5.38920,.00000
2025-11-18,HC1DBSQ39PV,MSQL_DQ,5258.58000,5258.58000,.00000,283.00000,6.9500000000000002,18.581600000000002,18.58160,.00000
2025-11-18,HC1DBSQ39PV,PREEMPTIVE_COM_QUERYINTERFACE,5258.55000,5258.55000,.00000,1952.00000,6.9500000000000002,2.6939000000000002,2.69390,.00000
2025-11-18,HC1DBSQ39PV,CXCONSUMER,2465.07000,2277.17000,187.90000,233758.00000,3.2599999999999998,1.0500000000000001E-2,.00970,.00080
2025-11-18,HC1DBSQ39PV,BACKUPIO,884.65000,881.79000,2.86000,775824.00000,1.1699999999999999,1.1000000000000001E-3,.00110,.00000
2025-11-18,HC1DBSQ39QV,SOS_WORK_DISPATCHER,14669554.28000,14669498.99000,55.29000,1058031.00000,98.719999999999999,13.865,13.86490,.00010
2025-11-18,HC1DBSQ39UV,PAGEIOLATCH_SH,145386.72000,134793.70000,10593.01000,182436624.00000,42.920000000000002,8.0000000000000004E-4,.00070,.00010
2025-11-18,HC1DBSQ39UV,CXCONSUMER,33730.78000,33682.44000,48.35000,1714783.00000,9.9600000000000009,1.9699999999999999E-2,.01960,.00000
2025-11-18,HC1DBSQ39UV,MSQL_DQ,25835.96000,25835.96000,.00000,187.00000,7.6299999999999999,138.1602,138.16020,.00000
2025-11-18,HC1DBSQ39UV,PREEMPTIVE_COM_QUERYINTERFACE,25835.90000,25835.90000,.00000,696.00000,7.6299999999999999,37.1205,37.12050,.00000
2025-11-18,HC1DBSQ39UV,OLEDB,25835.42000,25835.42000,.00000,358.00000,7.6299999999999999,72.165999999999997,72.16600,.00000
2025-11-18,HC1DBSQ39UV,LATCH_EX,23499.10000,23459.08000,40.02000,97160.00000,6.9400000000000004,0.2419,.24140,.00040
2025-11-18,HC1DBSQ39UV,CXPACKET,17382.92000,16888.55000,494.37000,16565461.00000,5.1299999999999999,0.001,.00100,.00000
2025-11-18,HC1DBSQ39UV,SOS_SCHEDULER_YIELD,16015.48000,13.34000,16002.14000,9756854.00000,4.7300000000000004,1.6000000000000001E-3,.00000,.00160
2025-11-18,HC1DBSQ39UV,MEMORY_ALLOCATION_EXT,7001.91000,7001.91000,.00000,21819863192.00000,2.0699999999999998,0,.00000,.00000
2025-11-18,HC1DBSQ39UV,ASYNC_IO_COMPLETION,4064.94000,4064.94000,.00000,30.00000,1.2,135.49789999999999,135.49790,.00000
2025-11-18,HC1DBSQ45PV,CXCONSUMER,41129.75000,39395.04000,1734.71000,68234872.00000,28.370000000000001,5.9999999999999995E-4,.00060,.00000
2025-11-18,HC1DBSQ45PV,BACKUPBUFFER,24515.56000,24115.69000,399.87000,12459548.00000,16.91,0.002,.00190,.00000
2025-11-18,HC1DBSQ45PV,ASYNC_NETWORK_IO,23374.12000,22408.17000,965.95000,62548538.00000,16.120000000000001,4.0000000000000002E-4,.00040,.00000
2025-11-18,HC1DBSQ45PV,BACKUPIO,15549.50000,15527.73000,21.77000,4147836.00000,10.720000000000001,3.7000000000000002E-3,.00370,.00000
2025-11-18,HC1DBSQ45PV,ASYNC_IO_COMPLETION,13700.41000,13700.39000,.02000,457.00000,9.4499999999999993,29.978999999999999,29.97900,.00000
2025-11-18,HC1DBSQ45PV,PAGEIOLATCH_SH,8180.10000,8103.59000,76.51000,6971505.00000,5.6399999999999997,1.1999999999999999E-3,.00120,.00000
2025-11-18,HC1DBSQ45PV,BACKUPTHREAD,6864.06000,6862.00000,2.05000,10480.00000,4.7300000000000004,0.65500000000000003,.65480,.00020
2025-11-18,HC1DBSQ45PV,CXPACKET,4941.03000,4809.84000,131.19000,4622307.00000,3.4100000000000001,1.1000000000000001E-3,.00100,.00000
2025-11-18,HC1DBSQ45QV,BACKUPBUFFER,35982.58000,35907.72000,74.85000,3846245.00000,38.520000000000003,9.4000000000000004E-3,.00930,.00000
2025-11-18,HC1DBSQ45QV,ASYNC_IO_COMPLETION,18352.74000,18352.73000,.01000,44.00000,19.649999999999999,417.1078,417.10760,.00030
2025-11-18,HC1DBSQ45QV,BACKUPIO,17909.02000,17902.98000,6.04000,1632174.00000,19.170000000000002,1.0999999999999999E-2,.01100,.00000
2025-11-18,HC1DBSQ45QV,CXCONSUMER,14881.44000,13445.99000,1435.45000,64454820.00000,15.93,2.0000000000000001E-4,.00020,.00000
2025-11-18,HC1DBSQ45QV,CXPACKET,2587.25000,2504.20000,83.05000,3375292.00000,2.77,8.0000000000000004E-4,.00070,.00000
2025-11-18,HC1DBSQ54DV,SOS_WORK_DISPATCHER,46537760.94000,46528956.89000,8804.05000,30864307.00000,97.069999999999993,1.5078,1.50750,.00030
2025-11-18,HC1DBSQ54QV,SOS_WORK_DISPATCHER,72013040.79000,71942038.81000,71001.98000,107492963.00000,93.680000000000007,0.66990000000000005,.66930,.00070
2025-11-18,HC1DBSQ54QV,CXCONSUMER,1468685.91000,1230662.27000,238023.64000,541348772.00000,1.9099999999999999,2.7000000000000001E-3,.00230,.00040
2025-11-18,HC1DBSQ54UV,CXPACKET,3239044.08000,3185874.72000,53169.36000,732661164.00000,54.18,4.4000000000000003E-3,.00430,.00010
2025-11-18,HC1DBSQ54UV,CXCONSUMER,1310972.03000,1266181.83000,44790.20000,171959791.00000,21.93,0.0076,.00740,.00030
2025-11-18,HC1DBSQ54UV,QDS_ASYNC_QUEUE,260413.71000,260411.51000,2.20000,15948.00000,4.3600000000000003,16.328900000000001,16.32880,.00010
2025-11-18,HC1DBSQ54UV,IO_COMPLETION,227937.69000,219487.73000,8449.96000,81878443.00000,3.8100000000000001,0.0028,.00270,.00010
2025-11-18,HC1DBSQ54UV,SOS_SCHEDULER_YIELD,183683.14000,72.11000,183611.03000,71435449.00000,3.0699999999999998,2.5999999999999999E-3,.00000,.00260
2025-11-18,HC1DBSQ54UV,OLEDB,163476.34000,163476.34000,.00000,2194604.00000,2.73,7.4499999999999997E-2,.07450,.00000
2025-11-18,HC1DBSQ54UV,PREEMPTIVE_OLEDBOPS,147278.42000,147278.42000,.00000,38320.00000,2.46,3.8433999999999999,3.84340,.00000
2025-11-18,HC1DBSQ54UV,LATCH_EX,133162.48000,125195.22000,7967.27000,82694865.00000,2.23,1.6000000000000001E-3,.00150,.00010
2025-11-18,HC1DBSQ54UV,PAGEIOLATCH_SH,132614.81000,130705.20000,1909.61000,24588880.00000,2.2200000000000002,5.4000000000000003E-3,.00530,.00010
2025-11-18,HC1DBSQ55DV,WRITELOG,42853.74000,41754.83000,1098.91000,33604159.00000,19.100000000000001,1.2999999999999999E-3,.00120,.00000
2025-11-18,HC1DBSQ55DV,PAGEIOLATCH_SH,38661.99000,37937.17000,724.82000,7395069.00000,17.23,5.1999999999999998E-3,.00510,.00010
2025-11-18,HC1DBSQ55DV,CXCONSUMER,27499.37000,26890.70000,608.67000,1507632.00000,12.26,1.8200000000000001E-2,.01780,.00040
2025-11-18,HC1DBSQ55DV,PAGEIOLATCH_EX,25801.59000,25597.64000,203.94000,25209403.00000,11.5,0.001,.00100,.00000
2025-11-18,HC1DBSQ55DV,BACKUPBUFFER,23103.23000,22942.39000,160.85000,4638565.00000,10.300000000000001,5.0000000000000001E-3,.00490,.00000
2025-11-18,HC1DBSQ55DV,BACKUPIO,22040.90000,21995.49000,45.41000,2683973.00000,9.8200000000000003,8.2000000000000007E-3,.00820,.00000
2025-11-18,HC1DBSQ55DV,CXPACKET,21385.85000,20291.16000,1094.70000,1575944.00000,9.5299999999999994,1.3599999999999999E-2,.01290,.00070
2025-11-18,HC1DBSQ55DV,ASYNC_IO_COMPLETION,15516.53000,15516.52000,.00000,16.00000,6.9199999999999999,969.78290000000004,969.78280,.00020
2025-11-18,HC1DBSQ55PV,QDS_ASYNC_QUEUE,2088470.15000,2088467.73000,2.41000,4145.00000,59.530000000000001,503.85289999999998,503.85230,.00060
2025-11-18,HC1DBSQ55PV,BACKUPIO,296811.31000,295851.56000,959.75000,47548653.00000,8.4600000000000009,6.1999999999999998E-3,.00620,.00000
2025-11-18,HC1DBSQ55PV,BACKUPBUFFER,259835.61000,255886.84000,3948.77000,86441292.00000,7.4100000000000001,3.0000000000000001E-3,.00300,.00000
2025-11-18,HC1DBSQ55PV,ASYNC_IO_COMPLETION,258316.33000,258316.24000,.09000,360.00000,7.3600000000000003,717.54539999999997,717.54510,.00020
2025-11-18,HC1DBSQ55PV,WRITELOG,131036.30000,127167.15000,3869.14000,126178143.00000,3.73,0.001,.00100,.00000
2025-11-18,HC1DBSQ55PV,XE_FILE_TARGET_TVF,95017.41000,95017.41000,.00000,2123232419.00000,2.71,0,.00000,.00000
2025-11-18,HC1DBSQ55PV,CXPACKET,91575.54000,85581.30000,5994.25000,10981020.00000,2.6099999999999999,8.3000000000000001E-3,.00780,.00050
2025-11-18,HC1DBSQ55PV,CXCONSUMER,79827.02000,75478.37000,4348.66000,14339243.00000,2.2799999999999998,5.5999999999999999E-3,.00530,.00030
2025-11-18,HC1DBSQ55PV,PAGEIOLATCH_EX,62047.24000,60971.66000,1075.58000,66785049.00000,1.77,8.9999999999999998E-4,.00090,.00000
2025-11-18,HC1DBSQ55QV,CXPACKET,507314.17000,485971.53000,21342.64000,84342031.00000,48.280000000000001,6.0000000000000001E-3,.00580,.00030
2025-11-18,HC1DBSQ55QV,CXCONSUMER,316086.25000,299767.29000,16318.97000,45105617.00000,30.079999999999998,7.0000000000000001E-3,.00660,.00040
2025-11-18,HC1DBSQ55QV,PAGEIOLATCH_SH,75055.35000,72762.75000,2292.61000,32275692.00000,7.1399999999999997,0.0023,.00230,.00010
2025-11-18,HC1DBSQ55QV,BACKUPBUFFER,27096.66000,26738.49000,358.16000,9123955.00000,2.5800000000000001,3.0000000000000001E-3,.00290,.00000
2025-11-18,HC1DBSQ55QV,BACKUPIO,26870.43000,26828.14000,42.29000,4913665.00000,2.5600000000000001,5.4999999999999997E-3,.00550,.00000
2025-11-18,HC1DBSQ55QV,ASYNC_IO_COMPLETION,24114.84000,24114.83000,.01000,50.00000,2.29,482.29680000000002,482.29670,.00010
2025-11-18,HC1DBSQ55QV,LCK_M_X,20894.88000,20894.70000,.18000,893.00000,1.99,23.398499999999999,23.39830,.00020
2025-11-18,AWSDBSQ31PV,CXPACKET,2542164.64000,2351561.79000,190602.85000,1797646291.00000,1.04,0.0014,.00130,.00010
2025-11-18,AWSDBSQ31QV,SOS_WORK_DISPATCHER,15820079.08000,15817254.85000,2824.23000,5903515.00000,91.609999999999999,2.6798000000000002,2.67930,.00050
2025-11-18,AWSDBSQ31QV,CXCONSUMER,278987.28000,267129.98000,11857.30000,62095478.00000,1.6200000000000001,4.4999999999999997E-3,.00430,.00020
2025-11-18,AWSDBSQ31QV,PAGEIOLATCH_SH,274653.21000,272931.32000,1721.89000,81282903.00000,1.5900000000000001,3.3999999999999998E-3,.00340,.00000
2025-11-18,AWSDBSQ31QV,QDS_ASYNC_QUEUE,261349.36000,261349.26000,.10000,462.00000,1.51,565.69129999999996,565.69100,.00020
2025-11-18,AWSDBSQ31UV,SOS_WORK_DISPATCHER,16904601.44000,16903164.41000,1437.03000,4403010.00000,93.359999999999999,3.8393000000000002,3.83900,.00030
2025-11-18,AWSDBSQ31UV,CXCONSUMER,270297.61000,245872.59000,24425.02000,199996212.00000,1.49,0.0014,.00120,.00010
2025-11-18,AWSDBSQ31UV,QDS_ASYNC_QUEUE,260285.62000,260285.45000,.17000,465.00000,1.4399999999999999,559.75400000000002,559.75370,.00040
2025-11-18,AWSDBSQ37QV,SOS_WORK_DISPATCHER,79858759.08000,79857763.97000,995.11000,5890213.00000,88.659999999999997,13.5579,13.55770,.00020
2025-11-18,AWSDBSQ37QV,CXPACKET,7588451.46000,7496221.44000,92230.02000,1087771051.00000,8.4199999999999999,7.0000000000000001E-3,.00690,.00010
2025-11-18,AWSDBSQ37UV,SOS_WORK_DISPATCHER,42071473.28000,42071338.27000,135.01000,5941940.00000,98.170000000000002,7.0804,7.08040,.00000
2025-11-18,AWSDBSQ48DV,SOS_WORK_DISPATCHER,11545847.17000,11545768.90000,78.27000,1026210.00000,99.879999999999995,11.250999999999999,11.25090,.00010
2025-11-18,AWSDBSQ48PV,SOS_WORK_DISPATCHER,85560982.54000,85560254.61000,727.93000,8675655.00000,97.519999999999996,9.8621999999999996,9.86210,.00010
2025-11-18,AWSDBSQ48QV,SOS_WORK_DISPATCHER,11102919.75000,11102817.85000,101.90000,1009718.00000,99.920000000000002,10.9961,10.99600,.00010
2025-11-18,HC1DBSQ27PV,ASYNC_NETWORK_IO,794.04000,793.93000,.11000,2477.00000,8.7899999999999991,0.3206,.32050,.00000
2025-11-18,HC1DBSQ27PV,WRITELOG,505.16000,485.86000,19.30000,590892.00000,5.5899999999999999,8.9999999999999998E-4,.00080,.00000
2025-11-18,HC1DBSQ33DV,ASYNC_NETWORK_IO,1083.29000,1081.89000,1.40000,106074.00000,19.300000000000001,1.0200000000000001E-2,.01020,.00000
2025-11-18,HC1DBSQ33DV,MSQL_DQ,584.78000,584.78000,.00000,28.00000,10.42,20.884799999999998,20.88480,.00000
2025-11-18,HC1DBSQ33DV,PREEMPTIVE_COM_QUERYINTERFACE,584.78000,584.78000,.00000,42.00000,10.42,13.9232,13.92320,.00000
2025-11-18,HC1DBSQ33DV,OLEDB,584.31000,584.31000,.00000,40.00000,10.41,14.607699999999999,14.60770,.00000
2025-11-18,HC1DBSQ33DV,WRITELOG,526.30000,512.61000,13.68000,435341.00000,9.3800000000000008,1.1999999999999999E-3,.00120,.00000
2025-11-18,HC1DBSQ33DV,BACKUPBUFFER,453.43000,448.83000,4.61000,295034.00000,8.0800000000000001,0.0015,.00150,.00000
2025-11-18,HC1DBSQ33DV,PAGEIOLATCH_SH,53.04000,51.63000,1.41000,35189.00000,0.93999999999999995,0.0015,.00150,.00000
2025-11-18,HC1DBSQ33DV,CXCONSUMER,47.69000,46.33000,1.37000,4707.00000,0.84999999999999998,0.0101,.00980,.00030
2025-11-18,HC1DBSQ33DV,ASYNC_IO_COMPLETION,446.91000,446.91000,.00000,190.00000,7.96,2.3521999999999998,2.35220,.00000
2025-11-18,HC1DBSQ33DV,BACKUPIO,416.03000,415.32000,.71000,151175.00000,7.4100000000000001,0.0028,.00270,.00000
2025-11-18,HC1DBSQ33DV,PREEMPTIVE_OS_AUTHENTICATIONOPS,164.50000,164.50000,.00000,686145.00000,2.9300000000000002,2.0000000000000001E-4,.00020,.00000
2025-11-18,HC1DBSQ33DV,MSQL_XP,85.54000,85.54000,.00000,21301.00000,1.52,4.0000000000000001E-3,.00400,.00000
2025-11-18,AWSDBSQ50DV,SOS_WORK_DISPATCHER,10634935.53000,10634796.93000,138.60000,1009555.00000,100,10.5343,10.53410,.00010
2025-11-18,AWSDBSQ50PV,SOS_WORK_DISPATCHER,91724050.74000,91723355.57000,695.16000,12788799.00000,97.959999999999994,7.1722000000000001,7.17220,.00010
2025-11-18,AWSDBSQ50QV,SOS_WORK_DISPATCHER,10413509.67000,10413460.11000,49.57000,2004530.00000,99.959999999999994,5.1950000000000003,5.19500,.00000
2025-11-18,AWSDBSQ50UV,SOS_WORK_DISPATCHER,10734102.56000,10733998.90000,103.66000,3308652.00000,99.870000000000005,3.2443,3.24420,.00000
2025-11-18,AWSDBSQ51DV,SOS_WORK_DISPATCHER,12724980.51000,12724930.29000,50.22000,1400683.00000,99.980000000000004,9.0847999999999995,9.08480,.00000
2025-11-18,AWSDBSQ51QV,SOS_WORK_DISPATCHER,14470680.53000,14470354.05000,326.48000,4922723.00000,83.680000000000007,2.9396,2.93950,.00010
2025-11-18,AWSDBSQ51QV,CXPACKET,1198755.50000,1190128.00000,8627.51000,50394287.00000,6.9299999999999997,2.3800000000000002E-2,.02360,.00020
2025-11-18,AWSDBSQ51QV,CXCONSUMER,1180625.56000,1174444.40000,6181.16000,50288467.00000,6.8300000000000001,0.0235,.02340,.00010
2025-11-18,AWSDBSQ51UV,SOS_WORK_DISPATCHER,13795657.65000,13795375.43000,282.22000,6340752.00000,91.870000000000005,2.1757,2.17570,.00000
2025-11-18,AWSDBSQ51UV,CXCONSUMER,490820.72000,487133.80000,3686.92000,24817654.00000,3.27,1.9800000000000002E-2,.01960,.00010
2025-11-18,AWSDBSQ62DV,SOS_WORK_DISPATCHER,16506543.14000,16506313.48000,229.66000,2172450.00000,98.269999999999996,7.5980999999999996,7.59800,.00010
2025-11-18,AWSDBSQ62PV,SOS_WORK_DISPATCHER,113346427.29000,113325329.16000,21098.13000,116807215.00000,96.150000000000006,0.97040000000000004,.97020,.00020
2025-11-18,AWSDBSQ62QV,SOS_WORK_DISPATCHER,29917736.57000,29915676.51000,2060.06000,29286769.00000,97.180000000000007,1.0215000000000001,1.02150,.00010
2025-11-18,AWSDBSQ62SV,SOS_WORK_DISPATCHER,14651415.13000,14651315.46000,99.67000,1629618.00000,98.439999999999998,8.9907000000000004,8.99060,.00010
2025-11-18,AWSDBSQ62UV,SOS_WORK_DISPATCHER,23572403.42000,23571671.61000,731.81000,7643179.00000,97.959999999999994,3.0840999999999998,3.08400,.00010
2025-11-18,DR1DBSQLF1PV,SOS_WORK_DISPATCHER,102752893.19000,102750841.43000,2051.76000,12555818.00000,97.969999999999999,8.1837,8.18350,.00020
2025-11-18,HC1DBSQ21PV,SOS_WORK_DISPATCHER,97282315.74000,97232376.30000,49939.44000,255400022.00000,97.890000000000001,0.38090000000000002,.38070,.00020
2025-11-18,HC1DBSQ21QV,SOS_WORK_DISPATCHER,10127551.09000,10126066.74000,1484.35000,5295358.00000,95.079999999999998,1.9125000000000001,1.91230,.00030
2025-11-18,hc1dbsq21uv,SOS_WORK_DISPATCHER,9012440.05000,9011822.13000,617.91000,1311575.00000,99.989999999999995,6.8715000000000002,6.87100,.00050
2025-11-18,HC1DBSQ23PV,WRITELOG,223.80000,197.08000,26.72000,278718.00000,28.079999999999998,8.0000000000000004E-4,.00070,.00010
2025-11-18,HC1DBSQ23PV,BACKUPIO,164.25000,164.18000,.07000,4403.00000,20.609999999999999,0.0373,.03730,.00000
2025-11-18,HC1DBSQ23PV,BACKUPTHREAD,162.95000,162.94000,.01000,243.00000,20.449999999999999,0.67059999999999997,.67050,.00000
2025-11-18,HC1DBSQ23PV,PAGEIOLATCH_SH,122.80000,120.87000,1.94000,165560.00000,15.41,6.9999999999999999E-4,.00070,.00000
2025-11-18,HC1DBSQ23PV,SOS_SCHEDULER_YIELD,36.93000,1.58000,35.35000,940481.00000,4.6299999999999999,0,.00000,.00000
2025-11-18,HC1DBSQ23PV,ASYNC_NETWORK_IO,26.91000,25.98000,.92000,3221.00000,3.3799999999999999,8.3999999999999995E-3,.00810,.00030
2025-11-18,HC1DBSQ23PV,MEMORY_ALLOCATION_EXT,11.70000,11.70000,.00000,8818164.00000,1.47,0,.00000,.00000
2025-11-18,HC1DBSQ23PV,PAGEIOLATCH_EX,7.89000,7.51000,.38000,13645.00000,0.98999999999999999,5.9999999999999995E-4,.00060,.00000
2025-11-18,HC1DBSQ23QV,SOS_WORK_DISPATCHER,134612.23000,134578.92000,33.31000,198893.00000,99.909999999999997,0.67679999999999996,.67660,.00020
2025-11-18,HC1DBSQ23UV,WRITELOG,90.72000,84.41000,6.32000,77061.00000,69.810000000000002,1.1999999999999999E-3,.00110,.00010
2025-11-18,HC1DBSQ23UV,ASYNC_NETWORK_IO,14.77000,14.73000,.04000,2413.00000,11.359999999999999,6.1000000000000004E-3,.00610,.00000
2025-11-18,HC1DBSQ23UV,SOS_SCHEDULER_YIELD,4.26000,.05000,4.21000,33226.00000,3.2799999999999998,0.0001,.00000,.00010
2025-11-18,HC1DBSQ23UV,MEMORY_ALLOCATION_EXT,2.88000,2.88000,.00000,3097167.00000,2.2200000000000002,0,.00000,.00000
2025-11-18,HC1DBSQ23UV,PREEMPTIVE_OS_AUTHENTICATIONOPS,2.36000,2.36000,.00000,3035.00000,1.8100000000000001,8.0000000000000004E-4,.00080,.00000
2025-11-18,HC1DBSQ23UV,PAGEIOLATCH_EX,2.30000,2.27000,.04000,5400.00000,1.77,4.0000000000000002E-4,.00040,.00000
2025-11-18,HC1DBSQ23UV,PAGEIOLATCH_SH,1.46000,1.43000,.03000,1758.00000,1.1200000000000001,8.0000000000000004E-4,.00080,.00000
2025-11-18,HC1DBSQ23UV,RESERVED_MEMORY_ALLOCATION_EXT,1.40000,1.40000,.00000,2762588.00000,1.0800000000000001,0,.00000,.00000
2025-11-18,HC1DBSQ23UV,PAGELATCH_EX,1.35000,.12000,1.23000,19464.00000,1.04,0.0001,.00000,.00010
2025-11-18,HC1DBSQ23UV,LCK_M_U,1.25000,1.09000,.16000,67.00000,0.95999999999999996,1.8599999999999998E-2,.01620,.00240
2025-11-18,HC1DBSQ23UV,PREEMPTIVE_XE_GETTARGETSTATE,1.04000,1.04000,.00000,1370.00000,0.80000000000000004,8.0000000000000004E-4,.00080,.00000
2025-11-18,HC1DBSQ25PV,SOS_WORK_DISPATCHER,71817240.36000,71815221.23000,2019.14000,8887509.00000,99.879999999999995,8.0807000000000002,8.08050,.00020
2025-11-18,HC1DBSQ27PV,BACKUPIO,3791.83000,3791.10000,.73000,45573.00000,41.960000000000001,8.3199999999999996E-2,.08320,.00000
2025-11-18,HC1DBSQ27PV,BACKUPTHREAD,3751.63000,3751.39000,.24000,5326.00000,41.509999999999998,0.70440000000000003,.70440,.00000
2025-11-18,LX1APDS01PV,SOS_WORK_DISPATCHER,70440243.46000,70437675.80000,2567.66000,13113542.00000,97.819999999999993,5.3715999999999999,5.37140,.00020
2025-11-18,WEUNPINVSTDBS01\NI2,CXPACKET,9692970.36000,9429057.34000,263913.02000,4414405325.00000,96.349999999999994,2.2000000000000001E-3,.00210,.00010
2025-11-18,WEUNPSOLUNSDW02,CXCONSUMER,3061978.06000,3038923.18000,23054.88000,125955702.00000,30.940000000000001,2.4299999999999999E-2,.02410,.00020
2025-11-18,WEUNPSOLUNSDW02,PAGEIOLATCH_SH,2662023.22000,2647086.46000,14936.76000,375197875.00000,26.899999999999999,7.1000000000000004E-3,.00710,.00000
2025-11-18,WEUNPSOLUNSDW02,CXPACKET,2559222.78000,2543463.66000,15759.13000,128865915.00000,25.859999999999999,1.9900000000000001E-2,.01970,.00010
2025-11-18,WEUNPSOLUNSDW02,OLEDB,979843.84000,979843.84000,.00000,1561883169.00000,9.9000000000000004,5.9999999999999995E-4,.00060,.00000
2025-11-18,WEUNPSOLUNSDW02,WRITELOG,142350.04000,138218.21000,4131.83000,132239008.00000,1.4399999999999999,1.1000000000000001E-3,.00100,.00000
2025-11-18,WEUPRINVSTDBS01,SOS_WORK_DISPATCHER,13535739.60000,13535287.07000,452.53000,5956743.00000,97.480000000000004,2.2723,2.27230,.00010
2025-11-18,AWSDBSQ42PV,SOS_WORK_DISPATCHER,85133902.33000,85132712.98000,1189.36000,38464326.00000,99.560000000000002,2.2132999999999998,2.21330,.00000
2025-11-18,HC1DBSQ52QV,SOS_WORK_DISPATCHER,15799821.43000,15799079.47000,741.96000,18468223.00000,98.340000000000003,0.85550000000000004,.85550,.00000
2025-11-18,HC1DBSQ58QV,SOS_WORK_DISPATCHER,14313659.51000,14313385.09000,274.42000,1852465.00000,97.799999999999997,7.7267999999999999,7.72670,.00010
2025-11-18,AWSDBSQ31DV,SOS_WORK_DISPATCHER,19524080.74000,19522543.35000,1537.39000,6018510.00000,97.700000000000003,3.2440000000000002,3.24380,.00030
2025-11-18,AWSDBSQ31PV,SOS_WORK_DISPATCHER,228771322.95000,228751948.37000,19374.59000,66678214.00000,93.180000000000007,3.431,3.43070,.00030
2025-11-18,AWSDBSQ31PV,CXCONSUMER,2683101.85000,2474985.79000,208116.06000,1942440598.00000,1.0900000000000001,0.0014,.00130,.00010
2025-11-18,HC1DBSQ39DV,SOS_WORK_DISPATCHER,13444015.59000,13443971.66000,43.93000,1057526.00000,98.599999999999994,12.7127,12.71270,.00000
2025-11-18,HC1DBSQ60PV,SOS_WORK_DISPATCHER,121625005.49000,121614421.64000,10583.85000,67749027.00000,98.409999999999997,1.7951999999999999,1.79510,.00020
2025-11-18,HC1DBSQ60QV,SOS_WORK_DISPATCHER,15605289.47000,15603996.01000,1293.46000,14015753.00000,99.379999999999995,1.1133999999999999,1.11330,.00010
2025-11-18,HC1DBSQ60UV,SOS_WORK_DISPATCHER,12518503.48000,12518306.39000,197.09000,1056421.00000,98.849999999999994,11.8499,11.84970,.00020
2025-11-18,HC1DBSQ61DV,SOS_WORK_DISPATCHER,26309470.33000,26309321.72000,148.62000,4030482.00000,99.760000000000005,6.5275999999999996,6.52760,.00000
2025-11-18,HC1DBSQ62PV,PREEMPTIVE_XE_GETTARGETSTATE,17278.99000,17278.99000,.00000,125242.00000,30.440000000000001,0.13800000000000001,.13800,.00000
2025-11-18,HC1DBSQ62PV,BACKUPIO,10282.65000,10278.63000,4.03000,590892.00000,18.109999999999999,1.7399999999999999E-2,.01740,.00000
2025-11-18,HC1DBSQ62PV,BACKUPTHREAD,8302.30000,8301.93000,.37000,11152.00000,14.619999999999999,0.74450000000000005,.74440,.00000
2025-11-18,HC1DBSQ62PV,WRITELOG,5223.09000,5065.27000,157.82000,4132947.00000,9.1999999999999993,1.2999999999999999E-3,.00120,.00000
2025-11-18,HC1DBSQ62PV,XE_FILE_TARGET_TVF,4987.54000,4987.54000,.00000,7140690.00000,8.7899999999999991,6.9999999999999999E-4,.00070,.00000
2025-11-18,HC1DBSQ62PV,BACKUPBUFFER,1914.94000,1879.13000,35.81000,994627.00000,3.3700000000000001,0.0019,.00190,.00000
2025-11-18,HC1DBSQ62PV,ASYNC_IO_COMPLETION,1789.42000,1789.39000,.03000,340.00000,3.1499999999999999,5.2629999999999999,5.26290,.00010
2025-11-18,HC1DBSQ62PV,ASYNC_NETWORK_IO,1390.17000,1376.16000,14.01000,924447.00000,2.4500000000000002,0.0015,.00150,.00000
2025-11-18,HC1DBSQ62PV,PREEMPTIVE_OS_CREATEFILE,1050.68000,1050.68000,.00000,1607072.00000,1.8500000000000001,6.9999999999999999E-4,.00070,.00000
2025-11-18,HC1DBSQ62PV,LCK_M_U,829.73000,822.50000,7.24000,108235.00000,1.46,7.7000000000000002E-3,.00760,.00010
2025-11-18,HC1DBSQ62PV,PREEMPTIVE_OS_AUTHENTICATIONOPS,610.56000,610.56000,.00000,1010244.00000,1.0800000000000001,5.9999999999999995E-4,.00060,.00000
2025-11-18,HC1DBSQ62PV,CXPACKET,504.29000,442.41000,61.89000,1044585.00000,0.89000000000000001,5.0000000000000001E-4,.00040,.00010
2025-11-18,HC1DBSQ70DV,SOS_WORK_DISPATCHER,10700455.77000,10700268.65000,187.12000,974734.00000,99.989999999999995,10.9778,10.97760,.00020
2025-11-18,HC1DBSQ70PV,SOS_WORK_DISPATCHER,87289607.64000,87281723.15000,7884.49000,129587890.00000,97.109999999999999,0.67359999999999998,.67350,.00010
2025-11-18,HC1DBSQ70QV,SOS_WORK_DISPATCHER,10876431.57000,10876168.31000,263.25000,4774020.00000,97.959999999999994,2.2783000000000002,2.27820,.00010
2025-11-18,HC1DBSQ70UV,SOS_WORK_DISPATCHER,10875364.69000,10875270.67000,94.02000,1078772.00000,99.989999999999995,10.081200000000001,10.08120,.00010
2025-11-18,HC1DBSQ90DV,SOS_WORK_DISPATCHER,10611181.87000,10610612.51000,569.36000,1633401.00000,99.969999999999999,6.4964000000000004,6.49600,.00030
2025-11-18,HC1DBSQ90PV,SOS_WORK_DISPATCHER,106252015.16000,106234207.10000,17808.06000,151696386.00000,92.010000000000005,0.70040000000000002,.70030,.00010
2025-11-18,HC1DBSQ90PV,PAGEIOLATCH_SH,3619499.86000,3597162.39000,22337.47000,341729984.00000,3.1299999999999999,0.0106,.01050,.00010
2025-11-18,HC1DBSQ91DV,SOS_WORK_DISPATCHER,11723479.82000,11723168.70000,311.12000,2458398.00000,99.400000000000006,4.7686999999999999,4.76860,.00010
2025-11-18,HC1DBSQ92DV,SOS_WORK_DISPATCHER,10281274.76000,10280891.84000,382.92000,987580.00000,100,10.410600000000001,10.41020,.00040
2025-11-18,LD5AIDBSQ01PV,SOS_WORK_DISPATCHER,252189719.84000,252158478.89000,31240.96000,105246773.00000,96.359999999999999,2.3961999999999999,2.39590,.00030
2025-11-18,LD5AIDBSQ01QV,SOS_WORK_DISPATCHER,132618735.28000,132613891.96000,4843.32000,19010238.00000,99.840000000000003,6.9762000000000004,6.97590,.00030
2025-11-18,HC1DBSQ55QV,WRITELOG,15997.21000,15503.37000,493.84000,10167879.00000,1.52,1.6000000000000001E-3,.00150,.00000
2025-11-18,HC1DBSQ55UV,CXPACKET,524116.93000,500629.44000,23487.49000,62820359.00000,45.57,8.3000000000000001E-3,.00800,.00040
2025-11-18,HC1DBSQ55UV,CXCONSUMER,287018.07000,269042.80000,17975.28000,42992666.00000,24.960000000000001,6.7000000000000002E-3,.00630,.00040
2025-11-18,HC1DBSQ55UV,QDS_ASYNC_QUEUE,241369.64000,241369.63000,.01000,13.00000,20.989999999999998,18566.895100000002,18566.89450,.00060
2025-11-18,HC1DBSQ55UV,PAGEIOLATCH_SH,30394.75000,28936.87000,1457.88000,23426116.00000,2.6400000000000001,1.2999999999999999E-3,.00120,.00010
2025-11-18,HC1DBSQ55UV,BACKUPBUFFER,16684.99000,14623.20000,2061.79000,9245827.00000,1.45,0.0018,.00160,.00020
2025-11-18,HC1DBSQ57DV,SOS_WORK_DISPATCHER,11187611.28000,11187566.42000,44.87000,950646.00000,99.989999999999995,11.7684,11.76840,.00000
2025-11-18,HC1DBSQ57PV,SOS_WORK_DISPATCHER,94144878.54000,94144491.10000,387.44000,8177378.00000,99.980000000000004,11.5128,11.51280,.00000
2025-11-18,HC1DBSQ59QV,SOS_WORK_DISPATCHER,12981368.18000,12981238.73000,129.45000,1054091.00000,99.969999999999999,12.315200000000001,12.31510,.00010
2025-11-18,HC1DBSQ46PV,SOS_WORK_DISPATCHER,361090470.24000,360972420.94000,118049.30000,1617014911.00000,96.040000000000006,0.2233,.22320,.00010
2025-11-18,HC1DBSQ94PV,SOS_WORK_DISPATCHER,175605598.08000,175603545.58000,2052.50000,27499456.00000,98.489999999999995,6.3857999999999997,6.38570,.00010
2025-11-18,HC1DBSQ28PV,SOS_WORK_DISPATCHER,61329804.64000,61289233.28000,40571.36000,115709515.00000,96.459999999999994,0.53000000000000003,.52970,.00040
2025-11-18,HC1DBSQ67PV,SOS_WORK_DISPATCHER,42062873.66000,42062470.16000,403.50000,3684487.00000,98.150000000000006,11.4162,11.41610,.00010
2025-11-18,HC1DBSQ32PV,SOS_WORK_DISPATCHER,118616576.69000,118616147.26000,429.44000,10114185.00000,98.469999999999999,11.7277,11.72770,.00000
2025-11-18,HC1DBSQ32QV,SOS_WORK_DISPATCHER,14366994.76000,14366944.47000,50.29000,1455077.00000,100,9.8736999999999995,9.87370,.00000
2025-11-18,HC1DBSQ57QV,SOS_WORK_DISPATCHER,10691920.50000,10691883.72000,36.78000,978174.00000,99.989999999999995,10.9305,10.93050,.00000
2025-11-18,HC1DBSQ57UV,SOS_WORK_DISPATCHER,11986044.00000,11986002.73000,41.27000,976657.00000,99.989999999999995,12.272500000000001,12.27250,.00000
